word	pinyin	weight
双汇	shuang hui	100
双汇火腿肠	shuang hui huo tui chang	100
金锣火腿肠	jin luo huo tui chang	100
康师傅方便面	kang shi fu fang bian mian	100
康师傅冰红茶	kang shi fu bing hong cha	100
统一方便面	tong yi fang bian mian	100
冰红茶	bing hong cha	100
抽纸	chou zhi	100
充电宝	chong dian bao	100
数据线	shu ju xian	100
共享单车	gong xiang dan che	100
移动支付	yi dong zhi fu	100
扫码支付	sao ma zhi fu	100
扫码点餐	sao ma dian can	100
收货地址	shou huo di zhi	100
快递柜	kuai di gui	100
取件码	qu jian ma	100
付款码	fu kuan ma	100
洗衣凝珠	xi yi ning zhu	100
洗碗机	xi wan ji	100
空气炸锅	kong qi zha guo	100
扫地机器人	sao di ji qi ren	100
无线耳机	wu xian er ji	100
蓝牙耳机	lan ya er ji	100
手机支架	shou ji zhi jia	100
交通卡	jiao tong ka	100
电子发票	dian zi fa piao	100
在线客服	zai xian ke fu	100
售后服务	shou hou fu wu	100
手机验证码	shou ji yan zheng ma	100
